method,cluster_id,n_players,top_feature_1,top_feature_2,top_feature_3,mean_serve_speed_avg,mean_ace_pct,mean_double_fault_pct,mean_first_serve_in_pct,mean_first_serve_points_won_pct,mean_break_points_saved_pct,mean_avg_rally_length,mean_win_ratio,mean_height_cm
hierarchical,0,5,avg_rally_length,first_serve_points_won_pct,break_points_saved_pct,-0.8976469979431447,-0.8334881225358893,-0.7804028263842788,1.0262831689437104,-1.0438382359148735,-1.0328097145325246,1.0694506465470233,0.7871345201040288,-0.750240461692615
hierarchical,1,4,double_fault_pct,first_serve_in_pct,ace_pct,0.9144531642041958,1.131528445041038,1.2694908990840164,-1.2204930047334042,1.031023257572166,0.8651809126973962,-1.0542541897577236,-1.0688052062196864,1.1016189057765013
hierarchical,2,4,break_points_saved_pct,double_fault_pct,avg_rally_length,0.20760558322473666,-0.08966829187117685,-0.29398736610366627,-0.0623609564462316,0.2737745373214215,0.4258312304682469,-0.2825591184260571,0.08488705608965025,-0.16381832866072818
