silhouette,calinski_harabasz,davies_bouldin,n_clusters,n_noise
0.4786679981519409,12.214765345470116,0.5936097692871399,3,6
