silhouette,calinski_harabasz,davies_bouldin,n_clusters,n_noise
0.2669277957350281,11.839081754415895,0.8992527947332508,3,0
