silhouette,calinski_harabasz,davies_bouldin,n_clusters,n_noise
0.4725977465117365,6.919031809141872,0.6013246390849105,2,8
